<include>
    {% for realm, users in directories.items() -%}
    <domain name="{{realm}}">
      {%- for user in users %}
      <user id="{{user.id}}" {% if user.cidrs %}cidr="{{ user.cidrs|join(',') }}"{% endif %}>
        <params>
          <param name="a1-hash" value="{{user.a1hash}}"/>
        </params>
        <variables>
          <variable name="x-routing-plan" value="{{user.routing}}"/>{% if user.ringready %}
          <variable name="x-ringready" value="{{user.ringready}}"/>{% endif %}
        </variables>
      </user>
      {%- endfor %}
    </domain>
    {%- endfor %}
<include>
