<include>
        {% for profilename, sipprofile in sipprofiles.items() -%}
        <profile name="{{profilename}}">
          <gateways>
          {%- for gateway in sipprofile.gateways %}
            <gateway name="{{gateway.name}}">{% if gateway.auth_username is defined %}
              <param name="auth-username" value="{{gateway.auth_username}}"/>{% endif %}
              <param name="username" value="{{gateway.username}}"/>{% if gateway.realm is defined %}
              <param name="realm" value="{{gateway.realm}}"/>{% endif %}{% if gateway.from_user is defined %}
              <param name="from-user" value="{{gateway.from_user}}"/>{% endif %}{% if gateway.from_domain is defined %}
              <param name="from-domain" value="{{gateway.from_domain}}"/>{% endif %}
              <param name="password" value="{{gateway.password}}"/>{% if gateway.extension is defined %}
              <param name="extension" value="{{gateway.extension}}"/>{% endif %}
              <param name="proxy" value="{{gateway.proxy}}:{{gateway.port}};transport={{gateway.transport}}"/>{% if gateway.outbound_proxy is defined %}
              <param name="outbound-proxy" value="{{gateway.outbound_proxy}}:{{gateway.port}};transport={{gateway.transport}}"/>{% endif %}
              <param name="register" value="{{gateway.do_register|lower}}"/>{% if gateway.register_proxy is defined %}
              <param name="register-proxy" value="{{gateway.register_proxy}}"/>{% endif %}{% if gateway.register_transport is defined %}
              <param name="register-transport" value="{{gateway.register_transport}}"/>{% endif %}{% if gateway.retry_seconds is defined %}
              <param name="retry-seconds" value="{{gateway.retry_seconds}}" />{% endif %}{% if gateway.expire_seconds is defined %}
              <param name="expire-seconds" value="{{gateway.expire_seconds}}" />{% endif %}
              <param name="caller-id-in-from" value="{{gateway.caller_id_in_from|lower}}"/>{% if gateway.cid_type is defined %}
              <param name="cid-type" value="{{gateway.cid_type}}"/>{% endif %}{% if gateway.simple_contact is defined %}
              <param name="simple-contact" value="{{gateway.simple_contact|lower}}"/>{% endif %}{% if gateway.extension_in_contact is defined %}
              <param name="extension-in-contact" value="{{gateway.extension_in_contact|lower}}"/>{% endif %}{% if gateway.contact_params is defined %}
              <param name="contact-params" value="{{gateway.contact_params}}"/>{% endif %}{% if gateway.contact_host is defined %}
              <param name="contact-host" value="{{gateway.contact_host}}"/>{% endif %}{% if gateway.ping is defined %}
              <param name="ping" value="{{gateway.ping}}"/>{% endif %}{% if gateway.ping_max is defined %}
              <param name="ping-max" value="{{gateway.ping_max}}"/>{% endif %}{% if gateway.ping_min is defined %}
              <param name="ping-min" value="{{gateway.ping_min}}"/>{% endif %}{% if gateway.contact_in_ping is defined %}
              <param name="contact-in-ping" value="{{gateway.contact_in_ping}}"/>{% endif %}{% if gateway.ping_user_agent is defined %}
              <param name="ping-user-agent" value="{{gateway.ping_user_agent}}"/>{% endif %}
              {#- <!-- <param name="ping-monitoring" value="{{gateway.ping_monitoring}}"/> --> #}
              {#- <!-- <param name="distinct-to" value="{{gateway.distinct_to}}"/> --> #}
              {#- <!-- <param name="destination-prefix" value="{{gateway.destination_prefix}}"/> --> #}
              {#- <!-- <param name="schema" value="{{gateway.schema}}"/> --> #}
              {#- <!--<param name="context" value="{{gateway.context}}"/>--> #}
            </gateway>
          {%- endfor %}
          </gateways>
          <settings>
            <param name="debug" value="0"/>
            <param name="sip-trace" value="no"/>
            <param name="sip-capture" value="no"/>
            <param name="shutdown-on-fail" value="true"/>
            {%- if crcs.capability %}
            <param name="track-calls" value="true"/>
            {%- endif %}
            {%- if crcs.capability and crcs.host and crcs.port and crcs.database and crcs.username and crcs.password %}
            <param name="odbc-dsn" value="pgsql://host={{crcs.host}} port={{crcs.port}} dbname={{crcs.database}} user={{crcs.username}} password={{crcs.password}} options='-c client_min_messages=NOTICE' application_name='libresbc'" />
            {%- endif %}
            {#- <!-- MSG PARSE--> #}
            <param name="parse-all-invite-headers" value="{{sipprofile.parse_all_invite_headers|default('true')}}"/>{% if sipprofile.p_asserted_id_parse is defined %}
            <param name="p-asserted-id-parse" value="{{sipprofile.p_asserted_id_parse|default('default')}}"/>{% endif %}
            {#- <!-- UA IDENTITY--> #}
            <param name="user-agent-string" value="{{sipprofile.user_agent}}"/>
            <param name="username" value="{{sipprofile.sdp_user}}"/> {# <!-- sdp username in o= and s= fields --> #}
            {#- <!-- AUTH AND SECURE--> #}
            <param name="apply-inbound-acl" value="_REALM_ACL_{{profilename}}"/>
            <param name="auth-calls" value="true"/>
            <param name="nonce-ttl" value="60"/>
            <param name="challenge-realm" value="{{sipprofile.realm}}"/>
            {#- <!-- NAT/ACL--> #}{% if sipprofile.apply_proxy_acl is defined %}
            <param name="apply-proxy-acl" value="{{sipprofile.apply_proxy_acl|default('none')}}"/>{% endif %}{% if sipprofile.apply_nat_acl is defined %}
            <param name="apply-nat-acl" value="{{sipprofile.apply_nat_acl|default('none')}}"/>{% endif %}
            <param name="local-network-acl" value="{{sipprofile.local_network_acl}}"/>
            {#- <!-- SIP VERBOSE CALLFLOW CONTROL--> #}
            <param name="enable-100rel" value="{{sipprofile.enable_100rel|lower}}"/>
            <param name="ignore-183nosdp" value="{{sipprofile.ignore_183nosdp|lower}}"/>
            <param name="sip-options-respond-503-on-busy" value="{{sipprofile.sip_options_respond_503_on_busy|lower}}"/>
            <param name="disable-register" value="true"/>
            <param name="disable-transfer" value="{{sipprofile.disable_transfer|lower}}"/> {# <!-- call transfer and call forward setting --> #}
            <param name="manual-redirect" value="{{sipprofile.manual_redirect|lower}}"/>
            <param name="enable-3pcc" value="{{sipprofile.enable_3pcc|lower}}"/>
            <param name="enable-compact-headers" value="{{sipprofile.enable_compact_headers|lower}}"/> {# <!-- Do not send UPDATE after session established --> #}
            <param name="send-display-update" value="false"/> 
            <param name="inbound-proxy-media" value="false"/> {# <!-- disable proxy media, thinking to support bypass in future --> #}
            {#- <!--  
              'generous' permits the remote codec list have precedence and 'win' the codec negotiation and selection process
              'greedy' forces a win by the local FreeSWITCH preference list
              'scrooge' the FreeSWITCH wins even when the far side lies about capabilities during the negotiation process
            --> #}
            <param name="inbound-codec-negotiation" value="generous"/>
            <param name="inbound-late-negotiation" value="true"/> {# <!-- outbound profile need to be in late negotiation --> #}
            {#- <!-- <param name="renegotiate-codec-on-hold" value="true"/> --> #}
            <param name="disable-hold" value="{{sipprofile.disable_moh|default('true')}}"/> {# <!-- turn off music-on-hold feature --> #}
            <param name="hold-music" value="$${hold_music}"/>
            <param name="proxy-hold" value="{{sipprofile.proxy_hold|default('true')}}"/> {# <!-- re-INVITE for hold/unhold is proxied to other end --> #}
            <param name="suppress-cng" value="true"/> {# <!-- Not use cng at the moment --> #}
            <param name="pass-callee-id" value="false" /> {# <!-- Disable sending X-FS-Support header --> #}
            <param name="stun-enabled" value="false"/> {# <!-- disable stun --> #}
            <param name="t38-passthru" value="true"/> {# <!-- t38 passthrough as sbc not support fax application --> #}
            <param name="dtmf-type" value="{{sipprofile.dtmf_type}}"/>
            <param name="pass-rfc2833" value="true"/>
            <param name="rtp-digit-delay" value="20"/>
            <param name="rtp-timer-name" value="soft"/>
            <param name="media_timeout" value="{{sipprofile.media_timeout}}"/> {# <!-- media_hold_timeout -->}
            <param name="rtp-rewrite-timestamps" value="{{sipprofile.rtp_rewrite_timestamps|lower}}"/> {# <!-- rtp_rewrite_timestamps chanvar in a dialplan, If you don't want to pass through timestamps from 1 RTP call to another (on a per call basis with rtp_rewrite_timestamps chanvar)--> #}
            {#- <!-- SIP SESSION TIMER--> #}
            {%- if sipprofile.enable_timer %}
            <param name="enable-timer" value="{{sipprofile.enable_timer|lower}}"/>
            <param name="session-timeout" value="{{sipprofile.session_timeout}}"/>
            <param name="minimum-session-expires" value="{{sipprofile.minimum_session_expires}}"/>
            {%- endif %}
            {#- <!-- DIALPLAN--> #}
            <param name="dialplan" value="XML"/>
            <param name="context" value="{{sipprofile.context}}"/>
            <param name="dbname" value="/dev/shm/libresbc_sip_{{sipprofile.name}}.db"/>
            {#- <!-- SERVER BINDING --> #}
            <param name="rtp-ip" value="{{sipprofile.rtp_ip }}"/>
            <param name="sip-ip" value="{{sipprofile.sip_ip }}"/>
            <param name="ext-rtp-ip" value="{% if sipprofile.addrdetect!='none' %}{{sipprofile.addrdetect}}:{% endif %}{{sipprofile.ext_rtp_ip}}"/>
            <param name="ext-sip-ip" value="{% if sipprofile.addrdetect!='none' %}{{sipprofile.addrdetect}}:{% endif %}{{sipprofile.ext_sip_ip}}"/>
            <param name="sip-port" value="{{sipprofile.sip_port}}"/>
            {%- if sipprofile.tls %}
            <param name="tls" value="{{sipprofile.tls|lower}}"/>
            <param name="tls-only" value="{{sipprofile.tls_only}}"/>
            <param name="tls-bind-params" value="transport=tls"/>
            <param name="tls-sip-port" value="{{sipprofile.sips_port}}"/>
            <param name="tls-verify-date" value="true"/>
            <param name="tls-version" value="{{sipprofile.tls_version}}"/>
            <param name="tls-cert-dir" value="{{sipprofile.tls_cert_dir|default('/usr/local/etc/freeswitch/tls')}}"/>
            <param name="tls-ciphers" value="ALL:!ADH:!LOW:!EXP:!MD5:@STRENGTH"/>
            <param name="tls-verify-policy" value="none"/>
            {%- endif %}
          </settings>
        </profile>
        {%- endfor %}
</include>
